{
  "model_config": {
    "hidden_size": 64,
    "num_layers": 2,
    "seq_len": 48
  },
  "training_config": {
    "lr": 1e-05,
    "batch_size": 128,
    "patience": 10,
    "max_epochs": 100
  },
  "metrics": {
    "mae_mean": 44.91072463989258,
    "mae_std": 20.519798278808594,
    "rmse_mean": 75.09426879882812,
    "rmse_std": 40.87489318847656,
    "mape_mean": 234572249.47916666,
    "mape_std": 418385643.3177135
  }
}